<?xml version="1.0" encoding="utf-8"?>
<odoo>
    <data noupdate="0">
        <record model="res.groups.privilege" id="res_groups_privilege_access_management">
            <field name="name">Access Management</field>
            <field name="sequence">10</field>
        </record>

        <record id="group_dg_read_all" model="res.groups">
            <field name="name">DG READ ALL</field>
            <field name="privilege_id" ref="res_groups_privilege_access_management"/>
            <field name="implied_ids" eval="[(4, ref('base.group_user'))]"/>
            <field name="comment">Accès en lecture globale (DG).</field>
        </record>

        <record id="group_audit" model="res.groups">
            <field name="name">AUDIT</field>
            <field name="privilege_id" ref="res_groups_privilege_access_management"/>
            <field name="implied_ids" eval="[(4, ref('base.group_user'))]"/>
            <field name="comment">Accès en lecture seule (audit) : CRM, Ventes, Comptabilité, Facturation, Abonnements, Projets, Tâches, Helpdesk, RH, Paie, Logs.</field>
        </record>

        <record id="group_pmo" model="res.groups">
            <field name="name">PMO</field>
            <field name="privilege_id" ref="res_groups_privilege_access_management"/>
            <field name="implied_ids" eval="[(4, ref('base.group_user'))]"/>
            <field name="comment">Projets/Tâches : lecture, création, modification (sans suppression). Feuilles de temps : lecture et validation. CRM, Helpdesk, Reporting : lecture seule.</field>
        </record>

        <record id="group_bd_manager" model="res.groups">
            <field name="name">BD MANAGER</field>
            <field name="privilege_id" ref="res_groups_privilege_access_management"/>
            <field name="implied_ids" eval="[(4, ref('base.group_user'))]"/>
            <field name="comment">CRM, Leads, Opportunités, Devis, Clients : lecture, création, modification (sans suppression). Produits, Abonnements, Reporting : lecture seule.</field>
        </record>

        <record id="group_siha_agent" model="res.groups">
            <field name="name">SI7A AGENT</field>
            <field name="privilege_id" ref="res_groups_privilege_access_management"/>
            <field name="implied_ids" eval="[(4, ref('base.group_user'))]"/>
            <field name="comment">Leads (assignés), Opportunités (assignées), Clients (lecture limitée), Commissions : lecture seule.</field>
        </record>

        <record id="group_df_manager" model="res.groups">
            <field name="name">DF MANAGER</field>
            <field name="privilege_id" ref="res_groups_privilege_access_management"/>
            <field name="implied_ids" eval="[(4, ref('base.group_user'))]"/>
            <field name="comment">Projets, Tâches, Produits, Roadmap (milestones) : lecture, création, modification (sans suppression). Helpdesk N3 : lecture seule.</field>
        </record>

        <record id="group_dev" model="res.groups">
            <field name="name">DEV</field>
            <field name="privilege_id" ref="res_groups_privilege_access_management"/>
            <field name="implied_ids" eval="[(4, ref('base.group_user'))]"/>
            <field name="comment">Projets (assignés) : lecture seule. Tâches (assignées) et Helpdesk (tickets assignés) : lecture et modification (sans création/suppression).</field>
        </record>

        <record id="group_support_n1" model="res.groups">
            <field name="name">SUPPORT N1</field>
            <field name="privilege_id" ref="res_groups_privilege_access_management"/>
            <field name="implied_ids" eval="[(4, ref('base.group_user'))]"/>
            <field name="comment">Projets (assignés) : lecture seule. Tâches (assignées) et Helpdesk (tickets assignés) : lecture et modification (sans création/suppression).</field>
        </record>

        <record id="group_support_n2" model="res.groups">
            <field name="name">SUPPORT N2</field>
            <field name="privilege_id" ref="res_groups_privilege_access_management"/>
            <field name="implied_ids" eval="[(4, ref('base.group_user'))]"/>
            <field name="comment">Helpdesk : lecture et modification (sans création/suppression). Projets et Logs : lecture seule.</field>
        </record>

        <record id="group_finance" model="res.groups">
            <field name="name">FINANCE</field>
            <field name="privilege_id" ref="res_groups_privilege_access_management"/>
            <field name="implied_ids" eval="[(4, ref('base.group_user'))]"/>
            <field name="comment">Comptabilité, Facturation, Abonnements : lecture, création, modification (sans suppression). Clients et CRM : lecture seule.</field>
        </record>

        <record id="group_rh" model="res.groups">
            <field name="name">RH</field>
            <field name="privilege_id" ref="res_groups_privilege_access_management"/>
            <field name="implied_ids" eval="[(4, ref('base.group_user'))]"/>
            <field name="comment">Employés, Contrats, Congés, Recrutement : lecture, création, modification (sans suppression).</field>
        </record>

        <record id="group_paie" model="res.groups">
            <field name="name">PAIE</field>
            <field name="privilege_id" ref="res_groups_privilege_access_management"/>
            <field name="implied_ids" eval="[(4, ref('base.group_user'))]"/>
            <field name="comment">Paie : lecture, création, modification (sans suppression). Employés et Contrats : lecture seule.</field>
        </record>

        <record id="group_dh" model="res.groups">
            <field name="name">DH</field>
            <field name="privilege_id" ref="res_groups_privilege_access_management"/>
            <field name="implied_ids" eval="[(4, ref('base.group_user'))]"/>
            <field name="comment">Website et Marketing : lecture, création, modification (sans suppression). CRM et Produits : lecture seule.</field>
        </record>
    </data>

    <!-- Règles ir.rule : DG READ ALL et AUDIT peuvent voir TOUS les enregistrements (lecture seule) -->
    <data noupdate="1">
        <!-- Ventes / Devis -->
        <record id="sale_order_rule_dg_read_all" model="ir.rule">
            <field name="name">Devis / Commandes : tous (DG lecture seule)</field>
            <field name="model_id" ref="sale.model_sale_order"/>
            <field name="domain_force">[(1, '=', 1)]</field>
            <field name="groups" eval="[(4, ref('access_management.group_dg_read_all')), (4, ref('access_management.group_audit'))]"/>
            <field name="perm_read" eval="True"/>
            <field name="perm_write" eval="False"/>
            <field name="perm_create" eval="False"/>
            <field name="perm_unlink" eval="False"/>
        </record>
        <record id="sale_order_line_rule_dg_read_all" model="ir.rule">
            <field name="name">Lignes de devis : tous (DG lecture seule)</field>
            <field name="model_id" ref="sale.model_sale_order_line"/>
            <field name="domain_force">[(1, '=', 1)]</field>
            <field name="groups" eval="[(4, ref('access_management.group_dg_read_all')), (4, ref('access_management.group_audit'))]"/>
            <field name="perm_read" eval="True"/>
            <field name="perm_write" eval="False"/>
            <field name="perm_create" eval="False"/>
            <field name="perm_unlink" eval="False"/>
        </record>

        <!-- CRM -->
        <record id="crm_lead_rule_dg_read_all" model="ir.rule">
            <field name="name">CRM Leads : tous (DG lecture seule)</field>
            <field name="model_id" ref="crm.model_crm_lead"/>
            <field name="domain_force">[(1, '=', 1)]</field>
            <field name="groups" eval="[(4, ref('access_management.group_dg_read_all')), (4, ref('access_management.group_audit'))]"/>
            <field name="perm_read" eval="True"/>
            <field name="perm_write" eval="False"/>
            <field name="perm_create" eval="False"/>
            <field name="perm_unlink" eval="False"/>
        </record>

        <!-- Comptabilité / Facturation -->
        <record id="account_move_rule_dg_read_all" model="ir.rule">
            <field name="name">Écritures comptables : tous (DG lecture seule)</field>
            <field name="model_id" ref="account.model_account_move"/>
            <field name="domain_force">[(1, '=', 1)]</field>
            <field name="groups" eval="[(4, ref('access_management.group_dg_read_all')), (4, ref('access_management.group_audit'))]"/>
            <field name="perm_read" eval="True"/>
            <field name="perm_write" eval="False"/>
            <field name="perm_create" eval="False"/>
            <field name="perm_unlink" eval="False"/>
        </record>
        <record id="account_move_line_rule_dg_read_all" model="ir.rule">
            <field name="name">Lignes comptables : tous (DG lecture seule)</field>
            <field name="model_id" ref="account.model_account_move_line"/>
            <field name="domain_force">[(1, '=', 1)]</field>
            <field name="groups" eval="[(4, ref('access_management.group_dg_read_all')), (4, ref('access_management.group_audit'))]"/>
            <field name="perm_read" eval="True"/>
            <field name="perm_write" eval="False"/>
            <field name="perm_create" eval="False"/>
            <field name="perm_unlink" eval="False"/>
        </record>

        <!-- Projets -->
        <record id="project_project_rule_dg_read_all" model="ir.rule">
            <field name="name">Projets : tous (DG lecture seule)</field>
            <field name="model_id" ref="project.model_project_project"/>
            <field name="domain_force">[(1, '=', 1)]</field>
            <field name="groups" eval="[(4, ref('access_management.group_dg_read_all')), (4, ref('access_management.group_audit'))]"/>
            <field name="perm_read" eval="True"/>
            <field name="perm_write" eval="False"/>
            <field name="perm_create" eval="False"/>
            <field name="perm_unlink" eval="False"/>
        </record>

        <!-- Tâches -->
        <record id="project_task_rule_dg_read_all" model="ir.rule">
            <field name="name">Tâches : tous (DG lecture seule)</field>
            <field name="model_id" ref="project.model_project_task"/>
            <field name="domain_force">[(1, '=', 1)]</field>
            <field name="groups" eval="[(4, ref('access_management.group_dg_read_all')), (4, ref('access_management.group_audit'))]"/>
            <field name="perm_read" eval="True"/>
            <field name="perm_write" eval="False"/>
            <field name="perm_create" eval="False"/>
            <field name="perm_unlink" eval="False"/>
        </record>

        <!-- Helpdesk -->
        <record id="helpdesk_ticket_rule_dg_read_all" model="ir.rule">
            <field name="name">Tickets Helpdesk : tous (DG lecture seule)</field>
            <field name="model_id" ref="helpdesk.model_helpdesk_ticket"/>
            <field name="domain_force">[(1, '=', 1)]</field>
            <field name="groups" eval="[(4, ref('access_management.group_dg_read_all')), (4, ref('access_management.group_audit'))]"/>
            <field name="perm_read" eval="True"/>
            <field name="perm_write" eval="False"/>
            <field name="perm_create" eval="False"/>
            <field name="perm_unlink" eval="False"/>
        </record>

        <!-- RH -->
        <record id="hr_employee_rule_dg_read_all" model="ir.rule">
            <field name="name">Employés : tous (DG lecture seule)</field>
            <field name="model_id" ref="hr.model_hr_employee"/>
            <field name="domain_force">[(1, '=', 1)]</field>
            <field name="groups" eval="[(4, ref('access_management.group_dg_read_all')), (4, ref('access_management.group_audit'))]"/>
            <field name="perm_read" eval="True"/>
            <field name="perm_write" eval="False"/>
            <field name="perm_create" eval="False"/>
            <field name="perm_unlink" eval="False"/>
        </record>

        <!-- Paie -->
        <record id="hr_payslip_rule_dg_read_all" model="ir.rule">
            <field name="name">Bulletins de paie : tous (DG lecture seule)</field>
            <field name="model_id" ref="hr_payroll.model_hr_payslip"/>
            <field name="domain_force">[(1, '=', 1)]</field>
            <field name="groups" eval="[(4, ref('access_management.group_dg_read_all')), (4, ref('access_management.group_audit'))]"/>
            <field name="perm_read" eval="True"/>
            <field name="perm_write" eval="False"/>
            <field name="perm_create" eval="False"/>
            <field name="perm_unlink" eval="False"/>
        </record>
        <record id="hr_payslip_run_rule_dg_read_all" model="ir.rule">
            <field name="name">Lots de paie : tous (DG lecture seule)</field>
            <field name="model_id" ref="hr_payroll.model_hr_payslip_run"/>
            <field name="domain_force">[(1, '=', 1)]</field>
            <field name="groups" eval="[(4, ref('access_management.group_dg_read_all')), (4, ref('access_management.group_audit'))]"/>
            <field name="perm_read" eval="True"/>
            <field name="perm_write" eval="False"/>
            <field name="perm_create" eval="False"/>
            <field name="perm_unlink" eval="False"/>
        </record>

        <!-- Website -->
        <record id="website_page_rule_dg_read_all" model="ir.rule">
            <field name="name">Pages web : tous (DG lecture seule)</field>
            <field name="model_id" ref="website.model_website_page"/>
            <field name="domain_force">[(1, '=', 1)]</field>
            <field name="groups" eval="[(4, ref('access_management.group_dg_read_all')), (4, ref('access_management.group_audit'))]"/>
            <field name="perm_read" eval="True"/>
            <field name="perm_write" eval="False"/>
            <field name="perm_create" eval="False"/>
            <field name="perm_unlink" eval="False"/>
        </record>

        <!-- Marketing -->
        <record id="marketing_campaign_rule_dg_read_all" model="ir.rule">
            <field name="name">Campagnes marketing : tous (DG lecture seule)</field>
            <field name="model_id" ref="marketing_automation.model_marketing_campaign"/>
            <field name="domain_force">[(1, '=', 1)]</field>
            <field name="groups" eval="[(4, ref('access_management.group_dg_read_all')), (4, ref('access_management.group_audit'))]"/>
            <field name="perm_read" eval="True"/>
            <field name="perm_write" eval="False"/>
            <field name="perm_create" eval="False"/>
            <field name="perm_unlink" eval="False"/>
        </record>
        <record id="marketing_activity_rule_dg_read_all" model="ir.rule">
            <field name="name">Activités marketing : tous (DG lecture seule)</field>
            <field name="model_id" ref="marketing_automation.model_marketing_activity"/>
            <field name="domain_force">[(1, '=', 1)]</field>
            <field name="groups" eval="[(4, ref('access_management.group_dg_read_all')), (4, ref('access_management.group_audit'))]"/>
            <field name="perm_read" eval="True"/>
            <field name="perm_write" eval="False"/>
            <field name="perm_create" eval="False"/>
            <field name="perm_unlink" eval="False"/>
        </record>

        <!-- Logs (ir.logging) -->
        <record id="ir_logging_rule_dg_read_all" model="ir.rule">
            <field name="name">Logs : tous (DG / AUDIT lecture seule)</field>
            <field name="model_id" ref="base.model_ir_logging"/>
            <field name="domain_force">[(1, '=', 1)]</field>
            <field name="groups" eval="[(4, ref('access_management.group_dg_read_all')), (4, ref('access_management.group_audit'))]"/>
            <field name="perm_read" eval="True"/>
            <field name="perm_write" eval="False"/>
            <field name="perm_create" eval="False"/>
            <field name="perm_unlink" eval="False"/>
        </record>

        <!-- PMO : Projets et Tâches (lecture, création, modification, pas de suppression) -->
        <record id="project_project_rule_pmo" model="ir.rule">
            <field name="name">Projets : tous (PMO lecture/création/modification)</field>
            <field name="model_id" ref="project.model_project_project"/>
            <field name="domain_force">[(1, '=', 1)]</field>
            <field name="groups" eval="[(4, ref('access_management.group_pmo'))]"/>
            <field name="perm_read" eval="True"/>
            <field name="perm_write" eval="True"/>
            <field name="perm_create" eval="True"/>
            <field name="perm_unlink" eval="False"/>
        </record>
        <record id="project_task_rule_pmo" model="ir.rule">
            <field name="name">Tâches : tous (PMO lecture/création/modification)</field>
            <field name="model_id" ref="project.model_project_task"/>
            <field name="domain_force">[(1, '=', 1)]</field>
            <field name="groups" eval="[(4, ref('access_management.group_pmo'))]"/>
            <field name="perm_read" eval="True"/>
            <field name="perm_write" eval="True"/>
            <field name="perm_create" eval="True"/>
            <field name="perm_unlink" eval="False"/>
        </record>

        <!-- PMO : Feuilles de temps (lecture et validation = write, pas de création/suppression) -->
        <record id="account_analytic_line_rule_pmo" model="ir.rule">
            <field name="name">Feuilles de temps : tous (PMO lecture et validation)</field>
            <field name="model_id" ref="analytic.model_account_analytic_line"/>
            <field name="domain_force">[(1, '=', 1)]</field>
            <field name="groups" eval="[(4, ref('access_management.group_pmo'))]"/>
            <field name="perm_read" eval="True"/>
            <field name="perm_write" eval="True"/>
            <field name="perm_create" eval="False"/>
            <field name="perm_unlink" eval="False"/>
        </record>

        <!-- PMO : CRM, Helpdesk, Reporting (lecture seule) -->
        <record id="crm_lead_rule_pmo" model="ir.rule">
            <field name="name">CRM opportunités : tous (PMO lecture seule)</field>
            <field name="model_id" ref="crm.model_crm_lead"/>
            <field name="domain_force">[(1, '=', 1)]</field>
            <field name="groups" eval="[(4, ref('access_management.group_pmo'))]"/>
            <field name="perm_read" eval="True"/>
            <field name="perm_write" eval="False"/>
            <field name="perm_create" eval="False"/>
            <field name="perm_unlink" eval="False"/>
        </record>
        <record id="helpdesk_ticket_rule_pmo" model="ir.rule">
            <field name="name">Tickets Helpdesk : tous (PMO lecture seule)</field>
            <field name="model_id" ref="helpdesk.model_helpdesk_ticket"/>
            <field name="domain_force">[(1, '=', 1)]</field>
            <field name="groups" eval="[(4, ref('access_management.group_pmo'))]"/>
            <field name="perm_read" eval="True"/>
            <field name="perm_write" eval="False"/>
            <field name="perm_create" eval="False"/>
            <field name="perm_unlink" eval="False"/>
        </record>
        <record id="project_task_burndown_report_rule_pmo" model="ir.rule">
            <field name="name">Reporting projet : tous (PMO lecture seule)</field>
            <field name="model_id" ref="project.model_project_task_burndown_chart_report"/>
            <field name="domain_force">[(1, '=', 1)]</field>
            <field name="groups" eval="[(4, ref('access_management.group_pmo'))]"/>
            <field name="perm_read" eval="True"/>
            <field name="perm_write" eval="False"/>
            <field name="perm_create" eval="False"/>
            <field name="perm_unlink" eval="False"/>
        </record>

        <!-- BD MANAGER : CRM, Devis, Clients (lecture, création, modification, pas de suppression) -->
        <record id="crm_lead_rule_bd_manager" model="ir.rule">
            <field name="name">CRM / Leads / Opportunités : tous (BD MANAGER)</field>
            <field name="model_id" ref="crm.model_crm_lead"/>
            <field name="domain_force">[(1, '=', 1)]</field>
            <field name="groups" eval="[(4, ref('access_management.group_bd_manager'))]"/>
            <field name="perm_read" eval="True"/>
            <field name="perm_write" eval="True"/>
            <field name="perm_create" eval="True"/>
            <field name="perm_unlink" eval="False"/>
        </record>
        <record id="sale_order_rule_bd_manager" model="ir.rule">
            <field name="name">Devis : tous (BD MANAGER)</field>
            <field name="model_id" ref="sale.model_sale_order"/>
            <field name="domain_force">[(1, '=', 1)]</field>
            <field name="groups" eval="[(4, ref('access_management.group_bd_manager'))]"/>
            <field name="perm_read" eval="True"/>
            <field name="perm_write" eval="True"/>
            <field name="perm_create" eval="True"/>
            <field name="perm_unlink" eval="False"/>
        </record>
        <record id="sale_order_line_rule_bd_manager" model="ir.rule">
            <field name="name">Lignes de devis : tous (BD MANAGER)</field>
            <field name="model_id" ref="sale.model_sale_order_line"/>
            <field name="domain_force">[(1, '=', 1)]</field>
            <field name="groups" eval="[(4, ref('access_management.group_bd_manager'))]"/>
            <field name="perm_read" eval="True"/>
            <field name="perm_write" eval="True"/>
            <field name="perm_create" eval="True"/>
            <field name="perm_unlink" eval="False"/>
        </record>
        <record id="res_partner_rule_bd_manager" model="ir.rule">
            <field name="name">Clients / Contacts : tous (BD MANAGER)</field>
            <field name="model_id" ref="base.model_res_partner"/>
            <field name="domain_force">[(1, '=', 1)]</field>
            <field name="groups" eval="[(4, ref('access_management.group_bd_manager'))]"/>
            <field name="perm_read" eval="True"/>
            <field name="perm_write" eval="True"/>
            <field name="perm_create" eval="True"/>
            <field name="perm_unlink" eval="False"/>
        </record>

        <!-- SI7A AGENT : Leads / Opportunités assignés, Clients lecture limitée (lecture seule) -->
        <record id="crm_lead_rule_siha_agent" model="ir.rule">
            <field name="name">Leads / Opportunités : assignés à l'utilisateur (SI7A AGENT)</field>
            <field name="model_id" ref="crm.model_crm_lead"/>
            <field name="domain_force">[('user_id', '=', user.id)]</field>
            <field name="groups" eval="[(4, ref('access_management.group_siha_agent'))]"/>
            <field name="perm_read" eval="True"/>
            <field name="perm_write" eval="False"/>
            <field name="perm_create" eval="False"/>
            <field name="perm_unlink" eval="False"/>
        </record>
        <record id="res_partner_rule_siha_agent" model="ir.rule">
            <field name="name">Clients : lecture limitée (SI7A AGENT)</field>
            <field name="model_id" ref="base.model_res_partner"/>
            <field name="domain_force">[(1, '=', 1)]</field>
            <field name="groups" eval="[(4, ref('access_management.group_siha_agent'))]"/>
            <field name="perm_read" eval="True"/>
            <field name="perm_write" eval="False"/>
            <field name="perm_create" eval="False"/>
            <field name="perm_unlink" eval="False"/>
        </record>

        <!-- DF MANAGER : Projets, Tâches, Produits, Roadmap (milestones) : lecture, création, modification (sans suppression) -->
        <record id="project_project_rule_df_manager" model="ir.rule">
            <field name="name">Projets : tous (DF MANAGER)</field>
            <field name="model_id" ref="project.model_project_project"/>
            <field name="domain_force">[(1, '=', 1)]</field>
            <field name="groups" eval="[(4, ref('access_management.group_df_manager'))]"/>
            <field name="perm_read" eval="True"/>
            <field name="perm_write" eval="True"/>
            <field name="perm_create" eval="True"/>
            <field name="perm_unlink" eval="False"/>
        </record>
        <record id="project_task_rule_df_manager" model="ir.rule">
            <field name="name">Tâches : tous (DF MANAGER)</field>
            <field name="model_id" ref="project.model_project_task"/>
            <field name="domain_force">[(1, '=', 1)]</field>
            <field name="groups" eval="[(4, ref('access_management.group_df_manager'))]"/>
            <field name="perm_read" eval="True"/>
            <field name="perm_write" eval="True"/>
            <field name="perm_create" eval="True"/>
            <field name="perm_unlink" eval="False"/>
        </record>
        <record id="product_template_rule_df_manager" model="ir.rule">
            <field name="name">Produits (template) : tous (DF MANAGER)</field>
            <field name="model_id" ref="product.model_product_template"/>
            <field name="domain_force">[(1, '=', 1)]</field>
            <field name="groups" eval="[(4, ref('access_management.group_df_manager'))]"/>
            <field name="perm_read" eval="True"/>
            <field name="perm_write" eval="True"/>
            <field name="perm_create" eval="True"/>
            <field name="perm_unlink" eval="False"/>
        </record>
        <record id="product_product_rule_df_manager" model="ir.rule">
            <field name="name">Produits (variantes) : tous (DF MANAGER)</field>
            <field name="model_id" ref="product.model_product_product"/>
            <field name="domain_force">[(1, '=', 1)]</field>
            <field name="groups" eval="[(4, ref('access_management.group_df_manager'))]"/>
            <field name="perm_read" eval="True"/>
            <field name="perm_write" eval="True"/>
            <field name="perm_create" eval="True"/>
            <field name="perm_unlink" eval="False"/>
        </record>
        <record id="project_milestone_rule_df_manager" model="ir.rule">
            <field name="name">Roadmap (milestones) : tous (DF MANAGER)</field>
            <field name="model_id" ref="project.model_project_milestone"/>
            <field name="domain_force">[(1, '=', 1)]</field>
            <field name="groups" eval="[(4, ref('access_management.group_df_manager'))]"/>
            <field name="perm_read" eval="True"/>
            <field name="perm_write" eval="True"/>
            <field name="perm_create" eval="True"/>
            <field name="perm_unlink" eval="False"/>
        </record>
        <!-- DF MANAGER : Helpdesk N3 (lecture seule) -->
        <record id="helpdesk_ticket_rule_df_manager" model="ir.rule">
            <field name="name">Helpdesk N3 : tous (DF MANAGER lecture seule)</field>
            <field name="model_id" ref="helpdesk.model_helpdesk_ticket"/>
            <field name="domain_force">[(1, '=', 1)]</field>
            <field name="groups" eval="[(4, ref('access_management.group_df_manager'))]"/>
            <field name="perm_read" eval="True"/>
            <field name="perm_write" eval="False"/>
            <field name="perm_create" eval="False"/>
            <field name="perm_unlink" eval="False"/>
        </record>
        <record id="helpdesk_team_rule_df_manager" model="ir.rule">
            <field name="name">Équipes Helpdesk N3 : tous (DF MANAGER lecture seule)</field>
            <field name="model_id" ref="helpdesk.model_helpdesk_team"/>
            <field name="domain_force">[(1, '=', 1)]</field>
            <field name="groups" eval="[(4, ref('access_management.group_df_manager'))]"/>
            <field name="perm_read" eval="True"/>
            <field name="perm_write" eval="False"/>
            <field name="perm_create" eval="False"/>
            <field name="perm_unlink" eval="False"/>
        </record>

        <!-- DEV : Projets assignés (lecture seule), Tâches assignées et Tickets assignés (lecture + modification) -->
        <record id="project_project_rule_dev" model="ir.rule">
            <field name="name">Projets : assignés à l'utilisateur (DEV lecture seule)</field>
            <field name="model_id" ref="project.model_project_project"/>
            <field name="domain_force">[('user_id', '=', user.id)]</field>
            <field name="groups" eval="[(4, ref('access_management.group_dev'))]"/>
            <field name="perm_read" eval="True"/>
            <field name="perm_write" eval="False"/>
            <field name="perm_create" eval="False"/>
            <field name="perm_unlink" eval="False"/>
        </record>
        <record id="project_task_rule_dev" model="ir.rule">
            <field name="name">Tâches : assignées à l'utilisateur (DEV lecture + modification)</field>
            <field name="model_id" ref="project.model_project_task"/>
            <field name="domain_force">[('user_ids', 'in', [user.id])]</field>
            <field name="groups" eval="[(4, ref('access_management.group_dev'))]"/>
            <field name="perm_read" eval="True"/>
            <field name="perm_write" eval="True"/>
            <field name="perm_create" eval="False"/>
            <field name="perm_unlink" eval="False"/>
        </record>
        <record id="helpdesk_ticket_rule_dev" model="ir.rule">
            <field name="name">Tickets Helpdesk : assignés à l'utilisateur (DEV lecture + modification)</field>
            <field name="model_id" ref="helpdesk.model_helpdesk_ticket"/>
            <field name="domain_force">[('user_id', '=', user.id)]</field>
            <field name="groups" eval="[(4, ref('access_management.group_dev'))]"/>
            <field name="perm_read" eval="True"/>
            <field name="perm_write" eval="True"/>
            <field name="perm_create" eval="False"/>
            <field name="perm_unlink" eval="False"/>
        </record>

        <!-- SUPPORT N1 : Projets assignés (lecture seule), Tâches assignées et Tickets assignés (lecture + modification) -->
        <record id="project_project_rule_support_n1" model="ir.rule">
            <field name="name">Projets : assignés à l'utilisateur (SUPPORT N1 lecture seule)</field>
            <field name="model_id" ref="project.model_project_project"/>
            <field name="domain_force">[('user_id', '=', user.id)]</field>
            <field name="groups" eval="[(4, ref('access_management.group_support_n1'))]"/>
            <field name="perm_read" eval="True"/>
            <field name="perm_write" eval="False"/>
            <field name="perm_create" eval="False"/>
            <field name="perm_unlink" eval="False"/>
        </record>
        <record id="project_task_rule_support_n1" model="ir.rule">
            <field name="name">Tâches : assignées à l'utilisateur (SUPPORT N1 lecture + modification)</field>
            <field name="model_id" ref="project.model_project_task"/>
            <field name="domain_force">[('user_ids', 'in', [user.id])]</field>
            <field name="groups" eval="[(4, ref('access_management.group_support_n1'))]"/>
            <field name="perm_read" eval="True"/>
            <field name="perm_write" eval="True"/>
            <field name="perm_create" eval="False"/>
            <field name="perm_unlink" eval="False"/>
        </record>
        <record id="helpdesk_ticket_rule_support_n1" model="ir.rule">
            <field name="name">Tickets Helpdesk : assignés à l'utilisateur (SUPPORT N1 lecture + modification)</field>
            <field name="model_id" ref="helpdesk.model_helpdesk_ticket"/>
            <field name="domain_force">[('user_id', '=', user.id)]</field>
            <field name="groups" eval="[(4, ref('access_management.group_support_n1'))]"/>
            <field name="perm_read" eval="True"/>
            <field name="perm_write" eval="True"/>
            <field name="perm_create" eval="False"/>
            <field name="perm_unlink" eval="False"/>
        </record>

        <!-- SUPPORT N2 : Helpdesk (lecture + modification), Projets et Logs (lecture seule) -->
        <record id="helpdesk_ticket_rule_support_n2" model="ir.rule">
            <field name="name">Helpdesk : tous (SUPPORT N2 lecture + modification)</field>
            <field name="model_id" ref="helpdesk.model_helpdesk_ticket"/>
            <field name="domain_force">[(1, '=', 1)]</field>
            <field name="groups" eval="[(4, ref('access_management.group_support_n2'))]"/>
            <field name="perm_read" eval="True"/>
            <field name="perm_write" eval="True"/>
            <field name="perm_create" eval="False"/>
            <field name="perm_unlink" eval="False"/>
        </record>
        <record id="helpdesk_team_rule_support_n2" model="ir.rule">
            <field name="name">Équipes Helpdesk : tous (SUPPORT N2 lecture seule)</field>
            <field name="model_id" ref="helpdesk.model_helpdesk_team"/>
            <field name="domain_force">[(1, '=', 1)]</field>
            <field name="groups" eval="[(4, ref('access_management.group_support_n2'))]"/>
            <field name="perm_read" eval="True"/>
            <field name="perm_write" eval="False"/>
            <field name="perm_create" eval="False"/>
            <field name="perm_unlink" eval="False"/>
        </record>
        <record id="project_project_rule_support_n2" model="ir.rule">
            <field name="name">Projets : tous (SUPPORT N2 lecture seule)</field>
            <field name="model_id" ref="project.model_project_project"/>
            <field name="domain_force">[(1, '=', 1)]</field>
            <field name="groups" eval="[(4, ref('access_management.group_support_n2'))]"/>
            <field name="perm_read" eval="True"/>
            <field name="perm_write" eval="False"/>
            <field name="perm_create" eval="False"/>
            <field name="perm_unlink" eval="False"/>
        </record>
        <record id="project_task_rule_support_n2" model="ir.rule">
            <field name="name">Tâches : tous (SUPPORT N2 lecture seule)</field>
            <field name="model_id" ref="project.model_project_task"/>
            <field name="domain_force">[(1, '=', 1)]</field>
            <field name="groups" eval="[(4, ref('access_management.group_support_n2'))]"/>
            <field name="perm_read" eval="True"/>
            <field name="perm_write" eval="False"/>
            <field name="perm_create" eval="False"/>
            <field name="perm_unlink" eval="False"/>
        </record>
        <record id="ir_logging_rule_support_n2" model="ir.rule">
            <field name="name">Logs : tous (SUPPORT N2 lecture seule)</field>
            <field name="model_id" ref="base.model_ir_logging"/>
            <field name="domain_force">[(1, '=', 1)]</field>
            <field name="groups" eval="[(4, ref('access_management.group_support_n2'))]"/>
            <field name="perm_read" eval="True"/>
            <field name="perm_write" eval="False"/>
            <field name="perm_create" eval="False"/>
            <field name="perm_unlink" eval="False"/>
        </record>

        <!-- FINANCE : Comptabilité, Facturation, Abonnements (lecture, création, modification, pas de suppression) ; Clients et CRM (lecture seule) -->
        <record id="account_move_rule_finance" model="ir.rule">
            <field name="name">Écritures comptables / Facturation : tous (FINANCE)</field>
            <field name="model_id" ref="account.model_account_move"/>
            <field name="domain_force">[(1, '=', 1)]</field>
            <field name="groups" eval="[(4, ref('access_management.group_finance'))]"/>
            <field name="perm_read" eval="True"/>
            <field name="perm_write" eval="True"/>
            <field name="perm_create" eval="True"/>
            <field name="perm_unlink" eval="False"/>
        </record>
        <record id="account_move_line_rule_finance" model="ir.rule">
            <field name="name">Lignes comptables : tous (FINANCE)</field>
            <field name="model_id" ref="account.model_account_move_line"/>
            <field name="domain_force">[(1, '=', 1)]</field>
            <field name="groups" eval="[(4, ref('access_management.group_finance'))]"/>
            <field name="perm_read" eval="True"/>
            <field name="perm_write" eval="True"/>
            <field name="perm_create" eval="True"/>
            <field name="perm_unlink" eval="False"/>
        </record>
        <record id="account_journal_rule_finance" model="ir.rule">
            <field name="name">Journaux comptables : tous (FINANCE)</field>
            <field name="model_id" ref="account.model_account_journal"/>
            <field name="domain_force">[(1, '=', 1)]</field>
            <field name="groups" eval="[(4, ref('access_management.group_finance'))]"/>
            <field name="perm_read" eval="True"/>
            <field name="perm_write" eval="True"/>
            <field name="perm_create" eval="True"/>
            <field name="perm_unlink" eval="False"/>
        </record>
        <record id="account_account_rule_finance" model="ir.rule">
            <field name="name">Comptes comptables : tous (FINANCE)</field>
            <field name="model_id" ref="account.model_account_account"/>
            <field name="domain_force">[(1, '=', 1)]</field>
            <field name="groups" eval="[(4, ref('access_management.group_finance'))]"/>
            <field name="perm_read" eval="True"/>
            <field name="perm_write" eval="True"/>
            <field name="perm_create" eval="True"/>
            <field name="perm_unlink" eval="False"/>
        </record>
        <record id="account_payment_rule_finance" model="ir.rule">
            <field name="name">Paiements : tous (FINANCE)</field>
            <field name="model_id" ref="account.model_account_payment"/>
            <field name="domain_force">[(1, '=', 1)]</field>
            <field name="groups" eval="[(4, ref('access_management.group_finance'))]"/>
            <field name="perm_read" eval="True"/>
            <field name="perm_write" eval="True"/>
            <field name="perm_create" eval="True"/>
            <field name="perm_unlink" eval="False"/>
        </record>
        <record id="sale_subscription_plan_rule_finance" model="ir.rule">
            <field name="name">Plans d'abonnement : tous (FINANCE)</field>
            <field name="model_id" ref="sale_subscription.model_sale_subscription_plan"/>
            <field name="domain_force">[(1, '=', 1)]</field>
            <field name="groups" eval="[(4, ref('access_management.group_finance'))]"/>
            <field name="perm_read" eval="True"/>
            <field name="perm_write" eval="True"/>
            <field name="perm_create" eval="True"/>
            <field name="perm_unlink" eval="False"/>
        </record>
        <record id="res_partner_rule_finance" model="ir.rule">
            <field name="name">Clients : tous (FINANCE lecture seule)</field>
            <field name="model_id" ref="base.model_res_partner"/>
            <field name="domain_force">[(1, '=', 1)]</field>
            <field name="groups" eval="[(4, ref('access_management.group_finance'))]"/>
            <field name="perm_read" eval="True"/>
            <field name="perm_write" eval="False"/>
            <field name="perm_create" eval="False"/>
            <field name="perm_unlink" eval="False"/>
        </record>
        <record id="crm_lead_rule_finance" model="ir.rule">
            <field name="name">CRM / Leads / Opportunités : tous (FINANCE lecture seule)</field>
            <field name="model_id" ref="crm.model_crm_lead"/>
            <field name="domain_force">[(1, '=', 1)]</field>
            <field name="groups" eval="[(4, ref('access_management.group_finance'))]"/>
            <field name="perm_read" eval="True"/>
            <field name="perm_write" eval="False"/>
            <field name="perm_create" eval="False"/>
            <field name="perm_unlink" eval="False"/>
        </record>

        <!-- RH : Employés, Contrats, Congés, Recrutement (lecture, création, modification, pas de suppression) -->
        <record id="hr_employee_rule_rh" model="ir.rule">
            <field name="name">Employés : tous (RH)</field>
            <field name="model_id" ref="hr.model_hr_employee"/>
            <field name="domain_force">[(1, '=', 1)]</field>
            <field name="groups" eval="[(4, ref('access_management.group_rh'))]"/>
            <field name="perm_read" eval="True"/>
            <field name="perm_write" eval="True"/>
            <field name="perm_create" eval="True"/>
            <field name="perm_unlink" eval="False"/>
        </record>
        <record id="hr_department_rule_rh" model="ir.rule">
            <field name="name">Départements : tous (RH)</field>
            <field name="model_id" ref="hr.model_hr_department"/>
            <field name="domain_force">[(1, '=', 1)]</field>
            <field name="groups" eval="[(4, ref('access_management.group_rh'))]"/>
            <field name="perm_read" eval="True"/>
            <field name="perm_write" eval="True"/>
            <field name="perm_create" eval="True"/>
            <field name="perm_unlink" eval="False"/>
        </record>
        <record id="hr_version_rule_rh" model="ir.rule">
            <field name="name">Contrats (versions) : tous (RH)</field>
            <field name="model_id" ref="hr.model_hr_version"/>
            <field name="domain_force">[(1, '=', 1)]</field>
            <field name="groups" eval="[(4, ref('access_management.group_rh'))]"/>
            <field name="perm_read" eval="True"/>
            <field name="perm_write" eval="True"/>
            <field name="perm_create" eval="True"/>
            <field name="perm_unlink" eval="False"/>
        </record>
        <record id="hr_leave_rule_rh" model="ir.rule">
            <field name="name">Congés : tous (RH)</field>
            <field name="model_id" ref="hr_holidays.model_hr_leave"/>
            <field name="domain_force">[(1, '=', 1)]</field>
            <field name="groups" eval="[(4, ref('access_management.group_rh'))]"/>
            <field name="perm_read" eval="True"/>
            <field name="perm_write" eval="True"/>
            <field name="perm_create" eval="True"/>
            <field name="perm_unlink" eval="False"/>
        </record>
        <record id="hr_leave_allocation_rule_rh" model="ir.rule">
            <field name="name">Allocations de congés : tous (RH)</field>
            <field name="model_id" ref="hr_holidays.model_hr_leave_allocation"/>
            <field name="domain_force">[(1, '=', 1)]</field>
            <field name="groups" eval="[(4, ref('access_management.group_rh'))]"/>
            <field name="perm_read" eval="True"/>
            <field name="perm_write" eval="True"/>
            <field name="perm_create" eval="True"/>
            <field name="perm_unlink" eval="False"/>
        </record>
        <record id="hr_applicant_rule_rh" model="ir.rule">
            <field name="name">Recrutement (candidatures) : tous (RH)</field>
            <field name="model_id" ref="hr_recruitment.model_hr_applicant"/>
            <field name="domain_force">[(1, '=', 1)]</field>
            <field name="groups" eval="[(4, ref('access_management.group_rh'))]"/>
            <field name="perm_read" eval="True"/>
            <field name="perm_write" eval="True"/>
            <field name="perm_create" eval="True"/>
            <field name="perm_unlink" eval="False"/>
        </record>
        <record id="hr_job_rule_rh" model="ir.rule">
            <field name="name">Postes (recrutement) : tous (RH)</field>
            <field name="model_id" ref="hr.model_hr_job"/>
            <field name="domain_force">[(1, '=', 1)]</field>
            <field name="groups" eval="[(4, ref('access_management.group_rh'))]"/>
            <field name="perm_read" eval="True"/>
            <field name="perm_write" eval="True"/>
            <field name="perm_create" eval="True"/>
            <field name="perm_unlink" eval="False"/>
        </record>

        <!-- PAIE : Paie (lecture, création, modification, pas de suppression) ; Employés et Contrats (lecture seule) -->
        <record id="hr_payslip_rule_paie" model="ir.rule">
            <field name="name">Bulletins de paie : tous (PAIE)</field>
            <field name="model_id" ref="hr_payroll.model_hr_payslip"/>
            <field name="domain_force">[(1, '=', 1)]</field>
            <field name="groups" eval="[(4, ref('access_management.group_paie'))]"/>
            <field name="perm_read" eval="True"/>
            <field name="perm_write" eval="True"/>
            <field name="perm_create" eval="True"/>
            <field name="perm_unlink" eval="False"/>
        </record>
        <record id="hr_payslip_line_rule_paie" model="ir.rule">
            <field name="name">Lignes de paie : tous (PAIE)</field>
            <field name="model_id" ref="hr_payroll.model_hr_payslip_line"/>
            <field name="domain_force">[(1, '=', 1)]</field>
            <field name="groups" eval="[(4, ref('access_management.group_paie'))]"/>
            <field name="perm_read" eval="True"/>
            <field name="perm_write" eval="True"/>
            <field name="perm_create" eval="True"/>
            <field name="perm_unlink" eval="False"/>
        </record>
        <record id="hr_payslip_run_rule_paie" model="ir.rule">
            <field name="name">Lots de paie : tous (PAIE)</field>
            <field name="model_id" ref="hr_payroll.model_hr_payslip_run"/>
            <field name="domain_force">[(1, '=', 1)]</field>
            <field name="groups" eval="[(4, ref('access_management.group_paie'))]"/>
            <field name="perm_read" eval="True"/>
            <field name="perm_write" eval="True"/>
            <field name="perm_create" eval="True"/>
            <field name="perm_unlink" eval="False"/>
        </record>
        <record id="hr_employee_rule_paie" model="ir.rule">
            <field name="name">Employés : tous (PAIE lecture seule)</field>
            <field name="model_id" ref="hr.model_hr_employee"/>
            <field name="domain_force">[(1, '=', 1)]</field>
            <field name="groups" eval="[(4, ref('access_management.group_paie'))]"/>
            <field name="perm_read" eval="True"/>
            <field name="perm_write" eval="False"/>
            <field name="perm_create" eval="False"/>
            <field name="perm_unlink" eval="False"/>
        </record>
        <record id="hr_version_rule_paie" model="ir.rule">
            <field name="name">Contrats (versions) : tous (PAIE lecture seule)</field>
            <field name="model_id" ref="hr.model_hr_version"/>
            <field name="domain_force">[(1, '=', 1)]</field>
            <field name="groups" eval="[(4, ref('access_management.group_paie'))]"/>
            <field name="perm_read" eval="True"/>
            <field name="perm_write" eval="False"/>
            <field name="perm_create" eval="False"/>
            <field name="perm_unlink" eval="False"/>
        </record>

        <!-- DH : Website (lecture, création, modification, pas de suppression) -->
        <record id="website_rule_dh" model="ir.rule">
            <field name="name">Sites web : tous (DH)</field>
            <field name="model_id" ref="website.model_website"/>
            <field name="domain_force">[(1, '=', 1)]</field>
            <field name="groups" eval="[(4, ref('access_management.group_dh'))]"/>
            <field name="perm_read" eval="True"/>
            <field name="perm_write" eval="True"/>
            <field name="perm_create" eval="True"/>
            <field name="perm_unlink" eval="False"/>
        </record>
        <record id="website_page_rule_dh" model="ir.rule">
            <field name="name">Pages web : tous (DH)</field>
            <field name="model_id" ref="website.model_website_page"/>
            <field name="domain_force">[(1, '=', 1)]</field>
            <field name="groups" eval="[(4, ref('access_management.group_dh'))]"/>
            <field name="perm_read" eval="True"/>
            <field name="perm_write" eval="True"/>
            <field name="perm_create" eval="True"/>
            <field name="perm_unlink" eval="False"/>
        </record>
        <!-- DH : Marketing (lecture, création, modification, pas de suppression) -->
        <record id="marketing_campaign_rule_dh" model="ir.rule">
            <field name="name">Campagnes marketing : tous (DH)</field>
            <field name="model_id" ref="marketing_automation.model_marketing_campaign"/>
            <field name="domain_force">[(1, '=', 1)]</field>
            <field name="groups" eval="[(4, ref('access_management.group_dh'))]"/>
            <field name="perm_read" eval="True"/>
            <field name="perm_write" eval="True"/>
            <field name="perm_create" eval="True"/>
            <field name="perm_unlink" eval="False"/>
        </record>
        <record id="marketing_activity_rule_dh" model="ir.rule">
            <field name="name">Activités marketing : tous (DH)</field>
            <field name="model_id" ref="marketing_automation.model_marketing_activity"/>
            <field name="domain_force">[(1, '=', 1)]</field>
            <field name="groups" eval="[(4, ref('access_management.group_dh'))]"/>
            <field name="perm_read" eval="True"/>
            <field name="perm_write" eval="True"/>
            <field name="perm_create" eval="True"/>
            <field name="perm_unlink" eval="False"/>
        </record>
        <record id="marketing_participant_rule_dh" model="ir.rule">
            <field name="name">Participants marketing : tous (DH)</field>
            <field name="model_id" ref="marketing_automation.model_marketing_participant"/>
            <field name="domain_force">[(1, '=', 1)]</field>
            <field name="groups" eval="[(4, ref('access_management.group_dh'))]"/>
            <field name="perm_read" eval="True"/>
            <field name="perm_write" eval="True"/>
            <field name="perm_create" eval="True"/>
            <field name="perm_unlink" eval="False"/>
        </record>
        <!-- DH : CRM (lecture seule) -->
        <record id="crm_lead_rule_dh" model="ir.rule">
            <field name="name">CRM opportunités : tous (DH lecture seule)</field>
            <field name="model_id" ref="crm.model_crm_lead"/>
            <field name="domain_force">[(1, '=', 1)]</field>
            <field name="groups" eval="[(4, ref('access_management.group_dh'))]"/>
            <field name="perm_read" eval="True"/>
            <field name="perm_write" eval="False"/>
            <field name="perm_create" eval="False"/>
            <field name="perm_unlink" eval="False"/>
        </record>
        <!-- DH : Produits (lecture seule) -->
        <record id="product_template_rule_dh" model="ir.rule">
            <field name="name">Modèles de produit : tous (DH lecture seule)</field>
            <field name="model_id" ref="product.model_product_template"/>
            <field name="domain_force">[(1, '=', 1)]</field>
            <field name="groups" eval="[(4, ref('access_management.group_dh'))]"/>
            <field name="perm_read" eval="True"/>
            <field name="perm_write" eval="False"/>
            <field name="perm_create" eval="False"/>
            <field name="perm_unlink" eval="False"/>
        </record>
        <record id="product_product_rule_dh" model="ir.rule">
            <field name="name">Variantes de produit : tous (DH lecture seule)</field>
            <field name="model_id" ref="product.model_product_product"/>
            <field name="domain_force">[(1, '=', 1)]</field>
            <field name="groups" eval="[(4, ref('access_management.group_dh'))]"/>
            <field name="perm_read" eval="True"/>
            <field name="perm_write" eval="False"/>
            <field name="perm_create" eval="False"/>
            <field name="perm_unlink" eval="False"/>
        </record>
    </data>
</odoo>

